{
    "Precision": 0.9109161711951004,
    "Recall": 0.9511897312113419,
    "Model_Score": 0.794889992902768
}