{
    "Precision": 0.9182156991219085,
    "Recall": 0.9531023842500229,
    "Model_Score": 0.8042553191489362
}