{
    "Precision": 0.9092508054792867,
    "Recall": 0.9525418139566931,
    "Model_Score": 0.7920511000709723
}