{
    "Precision": 0.9131117604495301,
    "Recall": 0.9565865956921595,
    "Model_Score": 0.8034066713981547
}