{
    "Precision": 0.9153608373505314,
    "Recall": 0.958098986511137,
    "Model_Score": 0.8090844570617459
}