{
    "Precision": 0.9089352568480068,
    "Recall": 0.9530483504529864,
    "Model_Score": 0.7920511000709723
}