{
    "Precision": 0.9151502608861564,
    "Recall": 0.9529086262342247,
    "Model_Score": 0.8035460992907801
}